ACC_val,emissions,exp,pareto
0.1187499985098838,0.0001007627943181,0,True
0.0825000032782554,8.020320092327893e-05,1,True
0.2737500071525574,0.0001047874102368,2,True
0.0981250032782554,0.000173577631358,3,False
0.0981250032782554,0.0001750469527905,4,False
0.2043749988079071,0.0001719946885714,5,False
0.0984375029802322,0.0002959068224299,6,False
0.1009375005960464,0.000276605511317,7,False
0.3290624916553497,0.0003147321112919,8,True
