step_type,index,lr
epoch,0,0.09045084971874738
epoch,1,0.06545084971874737
epoch,2,0.03454915028125263
epoch,3,0.009549150281252633
epoch,4,0.0
