step_type,index,lr
epoch,0,0.009045084971874737
epoch,1,0.0065450849718747366
epoch,2,0.0034549150281252628
epoch,3,0.0009549150281252632
epoch,4,0.0
