step_type,index,lr
epoch,0,0.0009045084971874737
epoch,1,0.0006545084971874737
epoch,2,0.00034549150281252633
epoch,3,9.549150281252633e-05
epoch,4,0.0
